{"count":1,"self":822.7990016,"total":4451.7556718999995,"children":{"InitializeActuators":{"count":9,"self":0.000997,"total":0.000997,"children":null},"InitializeSensors":{"count":9,"self":0.0019946,"total":0.0019946,"children":null},"AgentSendState":{"count":1666851,"self":95.0988096,"total":137.4388852,"children":{"CollectObservations":{"count":3000339,"self":2.0499541999999997,"total":2.0499541999999997,"children":null},"WriteActionMask":{"count":3000339,"self":0.5652553,"total":0.5652553,"children":null},"RequestDecision":{"count":3000339,"self":4.9658532,"total":39.7248655,"children":{"AgentInfo.ToProto":{"count":3000339,"self":3.357862,"total":34.7590123,"children":{"GenerateSensorData":{"count":3000339,"self":23.0970144,"total":31.4011504,"children":{"RayPerceptionSensor.Perceive":{"count":6000678,"self":8.304136,"total":8.3041358,"children":null}}}}}}}}},"DecideAction":{"count":1666851,"self":3468.2044416,"total":3468.2045967,"children":null},"AgentAct":{"count":1666851,"self":23.212459199999998,"total":23.2583327,"children":{"AgentInfo.ToProto":{"count":2203,"self":0.014963299999999999,"total":0.045873899999999995,"children":{"GenerateSensorData":{"count":2203,"self":0.0229352,"total":0.0309106,"children":{"RayPerceptionSensor.Perceive":{"count":4406,"self":0.0079753999999999988,"total":0.0079753999999999988,"children":null}}}}}}},"AgentInfo.ToProto":{"count":2438,"self":0.0099738,"total":0.0508637,"children":{"GenerateSensorData":{"count":2438,"self":0.0299193,"total":0.0408899,"children":{"RayPerceptionSensor.Perceive":{"count":4876,"self":0.010970599999999999,"total":0.010970599999999999,"children":null}}}}}},"gauges":{"HeroAgent04.CumulativeReward":{"count":4641,"max":49.46014,"min":-5.6500783,"runningAverage":28.79803,"value":47.9301262,"weightedAverage":47.2910576}},"metadata":{"timer_format_version":"0.1.0","start_time_seconds":"1661840876","unity_version":"2021.3.5f1","command_line_arguments":"C:\\Program Files\\Unity\\Hub\\Editor\\2021.3.5f1\\Editor\\Unity.exe -projectpath C:\\workspace\\unity\\Exam05 -useHub -hubIPC -cloudEnvironment production -licensingIpc LicenseClient-g7fenfJjDGDGvM2X-QlfQ -hubSessionId 4b5c6700-27ee-11ed-855d-bff3236c88dc -accessToken 36Putb9LflydKhf_6Xg2ZSAqfeME0PtyOWlowjW1PWk00df","communication_protocol_version":"1.5.0","com.unity.ml-agents_version":"2.2.1-exp.1","scene_name":"SampleScene","end_time_seconds":"1661845327"}}